Workbook

Sheet 役割一覧
B2: 書籍販売システム開発演習 チーム内役割
B4: チーム名 | C4: リーダー | D4: サブリーダー | E4: ライブラリアン | F4: タイムキーパー
B5: A
B6: B
B7: C
B8: D
B9: E
B10: F
B11: G
B12: H
B13: I

Sheet 担当一覧
B2: 書籍販売システム開発演習 クラス・JSP担当一覧 (Exceptionを除く)
B4: 番号 | C4: チーム | D4: 氏名 | E4: ふりがな | F4: リーダー | G4: 担当数 | H4: 担当1 | I4: 担当2 | J4: 担当3 | K4: 担当4 | L4: 担当5 | M4: 担当6 | N4: 担当7 | O4: 担当8 | P4: 担当9 | Q4: 担当10 | R4: 担当11 | S4: 担当12 | T4: 担当13 | U4: 担当14 | V4: 担当15 | W4: 担当16
G5: =COUNTA(H5:W5) -> 0
G6: =COUNTA(H6:W6) -> 0
G7: =COUNTA(H7:W7) -> 0
G8: =COUNTA(H8:W8) -> 0
G9: =COUNTA(H9:W9) -> 0
G10: =COUNTA(H10:W10) -> 0
G11: =COUNTA(H11:W11) -> 0
G12: =COUNTA(H12:W12) -> 0
G13: =COUNTA(H13:W13) -> 0
G14: =COUNTA(H14:W14) -> 0
G15: =COUNTA(H15:W15) -> 0
G16: =COUNTA(H16:W16) -> 0
... G45: =COUNTA(H45:W45) -> 0

Sheet アサイン数
B2: 書籍販売システム開発演習 クラス・JSP担当アサイン数 (Exceptionを除く)
B4: チーム名 | C4: アサイン数 | D4: クラス数 | E4: アサイン率 | F4: 進捗(貼付)
B5: A | C5: =SUMIF(担当一覧!$C$5:$C$45,B5,担当一覧!$G$5:$G$45) -> 0 | D5: 25 | E5: =C5/D5 -> 0 | F5: 1
B6: B | C6: =SUMIF(担当一覧!$C$5:$C$45,B6,担当一覧!$G$5:$G$45) -> 0 | D6: 25 | E6: =C6/D6 -> 0 | F6: 1
B7: C | C7: =SUMIF(担当一覧!$C$5:$C$45,B7,担当一覧!$G$5:$G$45) -> 0 | D7: 25 | E7: =C7/D7 -> 0 | F7: 1
B8: D | C8: =SUMIF(担当一覧!$C$5:$C$45,B8,担当一覧!$G$5:$G$45) -> 0 | D8: 25 | E8: =C8/D8 -> 0 | F8: 1
B9: E | C9: =SUMIF(担当一覧!$C$5:$C$45,B9,担当一覧!$G$5:$G$45) -> 0 | D9: 25 | E9: =C9/D9 -> 0 | F9: 1
B10: F | C10: =SUMIF(担当一覧!$C$5:$C$45,B10,担当一覧!$G$5:$G$45) -> 0 | D10: 25 | E10: =C10/D10 -> 0 | F10: 1
B11: G | C11: =SUMIF(担当一覧!$C$5:$C$45,B11,担当一覧!$G$5:$G$45) -> 0 | D11: 25 | E11: =C11/D11 -> 0 | F11: 1
B12: H | C12: =SUMIF(担当一覧!$C$5:$C$45,B12,担当一覧!$G$5:$G$45) -> 0 | D12: 25 | E12: =C12/D12 -> 0 | F12: 1

Sheet 名前back
A1: 番号 | B1: チーム | C1: 氏名 | D1: ふりがな | E1: リーダー
A2: 5
A3: 6
A4: 7
A5: 8
A6: 9
A7: 10
A8: 11
A9: 12
A10: 13
A11: 14
A12: 21
A13: 23
... A42: 58
